Date,Open,High,Low,Close,Volume,Dividends,Stock Splits,MA_14,MA_50,RSI_14,MACD,MACD_Signal,MACD_Hist,Log_Return,Rolling_Volatility,ROC_10,MA_20,20STD,BB_Upper,BB_Lower,BB_Position,Vol_MA20,Volume_Ratio,VPM_10,Target,Market_Return,Strategy_Return,Cumulative_Market,Cumulative_Strategy
2026-02-03 00:00:00+05:30,1467.1166446366906,1482.6448239290096,1423.617693715007,1430.4859619140625,25456171,0.0,0.0,1405.4588623046875,1498.93751953125,46.64118790548732,-32.302091820687565,-33.99486480169625,1.6927729810086871,0.0330356572438543,0.0142436830649276,1.6624222526148584,1426.4596130371094,41.87027020155726,1510.200153440224,1342.719072633995,0.5240406191408059,14925763.75,1.7055188214405443,2.8352924410162283,0.0136151680000361,0.0330356572438543,0.0330356572438543,0.03303565724385438,0.03303565724385438
2026-02-04 00:00:00+05:30,1437.3543194605445,1457.2622740237098,1433.6713964697635,1450.095458984375,8333387,0.0,0.0,1405.3166678292412,1497.362802734375,51.692015410614026,-26.632968176453005,-32.5224854766476,5.889517300194598,0.0136151680000361,0.0147130433249182,4.505031234464473,1423.9313110351563,38.54877847592313,1501.0288679870025,1346.8337540833102,0.6696820819209638,13971576.85,0.5964528620833518,2.6870387735712304,-0.0092408418115026,0.0136151680000361,-0.0136151680000361,0.047100611267257175,0.01897070322045158
2026-02-05 00:00:00+05:30,1450.2944646433757,1454.7737543419996,1432.8750047042822,1436.757080078125,11763658,0.0,0.0,1404.2217320033485,1495.4456689453125,48.34015660673812,-22.951867704956385,-30.60836192230936,7.656494217352975,-0.0092408418115026,0.0149142161648786,2.7623543385369413,1420.9053100585938,34.668292907661275,1490.2418958739163,1351.5687242432714,0.6143102867925474,13999792.75,0.8402737247663898,2.321133769167033,0.0051137031212075,-0.0092408418115026,-0.0092408418115026,0.03742452015780873,0.009554556141435855
2026-02-06 00:00:00+05:30,1434.865799564727,1446.113842295832,1426.9026178813986,1444.123046875,8277304,0.0,0.0,1403.7169276646205,1493.0746337890623,50.258356111174194,-19.218656392153434,-28.330420816278178,9.111764424124743,0.0051137031212075,0.0149967989295482,3.443853806131176,1419.919873046875,33.64902382122025,1487.2179206893154,1352.6218254044345,0.6798207724889607,13587723.75,0.60917517549619,2.097910246733181,0.0074165622611225,0.0051137031212075,-0.0051137031212075,0.04272960116455682,0.00439199385666611
2026-02-09 00:00:00+05:30,1451.2898835062008,1459.153549837875,1446.3128948796364,1454.873291015625,5775864,0.0,0.0,1407.1297258649554,1491.0480053710935,53.00119774620451,-15.217190373557967,-25.70777472773414,10.490584354176171,0.0074165622611225,0.0122431506388582,5.446942103601697,1419.2380249023438,32.738434885342905,1484.7148946730297,1353.761155131658,0.7721210271511421,13459751.4,0.4291211500384769,2.337398059690561,-0.0021232726050842,0.0074165622611225,-0.0074165622611225,0.050463070173109026,-0.003057141900344895
2026-02-10 00:00:00+05:30,1464.2299462371711,1464.2299462371711,1445.5164217743147,1451.7874755859375,10259630,0.0,0.0,1411.7156633649554,1488.878037109375,52.11289279378893,-12.154885289293588,-22.99719684004604,10.842311550752443,-0.0021232726050842,0.011407508777015,5.650124793373159,1418.0087097167968,30.88948488193805,1479.787679480673,1356.229739952921,0.7733840172330944,13528545.65,0.7583690269027551,4.284879641429533,0.0069691592148905,-0.0021232726050842,-0.0021232726050842,0.048232650713557756,-0.005173923359782173
2026-02-11 00:00:00+05:30,1452.882456999606,1463.234617369774,1446.91007080626,1461.9405517578125,7106877,0.0,0.0,1416.273158482143,1486.9390014648438,54.79732777860301,-8.807194200569029,-20.15919631215063,11.3520021115816,0.0069691592148905,0.0113908898014619,5.155013470327393,1418.800048828125,31.83562491043353,1482.4712986489922,1355.1287990072578,0.8387753739015575,13208901.5,0.5380369442530857,2.773587695158445,-0.0135729999745597,0.0069691592148905,-0.0069691592148905,0.0555379509506273,-0.012107024679012701
2026-02-12 00:00:00+05:30,1463.2345557130195,1466.2207486838624,1438.8473131178023,1442.231689453125,11135399,0.0,0.0,1419.5721871512276,1484.9999658203126,49.04933746900977,-7.656209352505584,-17.65859892022162,10.002389567716037,-0.0135729999745597,0.0122013252451894,4.1624745164877135,1418.30732421875,31.366133974209056,1481.0395921671682,1355.5750562703315,0.6906862769097311,13349583.25,0.8341383241308301,3.4720795174203487,-0.0204295126306795,-0.0135729999745597,-0.0135729999745597,0.04121113436922763,-0.02551569600791226
2026-02-13 00:00:00+05:30,1438.8473526451965,1444.0233720001163,1409.7817888672505,1413.0665283203125,10755693,0.0,0.0,1421.9540318080358,1482.6269360351562,42.02435545961925,-8.99375590832119,-15.925630317841536,6.931874409520345,-0.0204295126306795,0.0131537850691405,1.734269706913218,1416.3563415527344,30.351607011068467,1477.0595555748714,1355.6531275305974,0.4729024790085891,13887367.9,0.7744947118452878,1.3431827169177646,0.0122520344245692,-0.0204295126306795,-0.015,0.01993969834842746,-0.040132960567793585
2026-02-16 00:00:00+05:30,1413.564201587246,1432.9744560797708,1402.8139796964888,1430.4859619140625,5896514,0.0,0.0,1425.978280203683,1480.6660009765626,46.91471259800747,-8.549613853024994,-14.450427024878229,5.900813171853235,0.0122520344245692,0.013325573854551,3.3587393461975124,1415.3211242675782,29.440384363693838,1474.201892994966,1356.4403555401905,0.6287758123258892,13323835.55,0.442553796005085,1.4864228474513463,-0.009859823681494,0.0122520344245692,-0.0122520344245692,0.03243603464357703,-0.0518932845779263
2026-02-17 00:00:00+05:30,1424.5136248062845,1425.2104761017015,1412.071153550712,1416.450927734375,10731630,0.0,0.0,1427.8482142857142,1478.3248266601563,43.71514669835484,-9.22381167756248,-13.40510395541508,4.181292277852599,-0.009859823681494,0.0134736137065906,-0.9811374982602356,1415.78896484375,29.377044113759656,1474.5430530712692,1357.0348766162306,0.505633334722698,12840778.8,0.8357460374599709,-0.8199817763743811,0.0127781945491629,-0.009859823681494,-0.009859823681494,0.022256397379570636,-0.061241449623228306
2026-02-18 00:00:00+05:30,1420.4325123887006,1435.4629932986809,1412.6683617554224,1434.666748046875,5521096,0.0,0.0,1431.4245431082588,1476.300187988281,48.6135089986238,-8.193800812284962,-12.362843326789058,4.169042514504096,0.0127781945491629,0.0137036834166949,-1.063978984411553,1418.143084716797,28.88018490434366,1475.9034545254842,1360.3827149081096,0.6430363360276901,12457358.7,0.4431995684606882,-0.4715550267424416,-0.0223104801282869,0.0127781945491629,0.0127781945491629,0.035318988504413174,-0.04924581023182373
2026-02-19 00:00:00+05:30,1436.3588845536149,1436.3588845536149,1393.5567833507007,1403.0130615234375,11884664,0.0,0.0,1432.4270542689733,1473.9132250976563,41.80505629439256,-9.81851600161758,-11.853977861754764,2.0354618601371826,-0.0223104801282869,0.0152213868657428,-2.3486237877354075,1418.3869567871093,28.72250723228618,1475.8319712516816,1360.941942322537,0.3661859918831317,12183955.9,0.9754355726123402,-2.2909311892406503,0.0069992544177885,-0.0223104801282869,-0.015,0.012220524784947395,-0.06350712307834638
2026-02-20 00:00:00+05:30,1403.013091941889,1420.8307355027323,1399.628715378674,1412.8675537109375,8177670,0.0,0.0,1434.4889526367188,1471.5740405273436,44.41507209874803,-10.19343575036396,-11.521869439476603,1.3284336891126447,0.0069992544177885,0.0152539150964615,-2.164323409400439,1419.228070068359,28.27666904319785,1475.7814081547551,1362.6747319819635,0.4437653322275605,11806754.75,0.6926263967666475,-1.4990675244907317,0.0060405339067673,0.0069992544177885,0.0069992544177885,0.019305313764824694,-0.05695237117232499
2026-02-23 00:00:00+05:30,1418.4416634695872,1428.2961245911818,1411.772547760535,1421.4278564453125,7758856,0.0,0.0,1433.8419451032366,1469.2448095703126,46.653303444337766,-9.688138631678155,-11.155123277916918,1.4669846462387603,0.0060405339067673,0.0123958853960087,-2.298855493248127,1421.313427734375,26.70389575047756,1474.72121923533,1367.90563623342,0.5010712735700323,11702807.45,0.6629909987966178,-1.5241204995576672,0.0005601154513101,0.0060405339067673,0.0060405339067673,0.025462462073969183,-0.05125585999469495
2026-02-24 00:00:00+05:30,1418.7403513100855,1426.7035326906043,1408.4877066792656,1422.2242431640625,12529409,0.0,0.0,1431.8511439732142,1466.7025634765623,46.86765492086623,-9.118315012617586,-10.747761624857052,1.629446612239466,0.0005601154513101,0.0117292323497136,-2.0363333421059693,1423.717315673828,24.289263830544964,1472.295843334918,1375.138788012738,0.4846323820250162,11014158.1,1.137573011594958,-2.316477852590713,-0.0214346773313644,0.0005601154513101,0.0005601154513101,0.026036839443715376,-0.05072445374253798
2026-02-25 00:00:00+05:30,1428.395737725409,1433.8704252219177,1387.0867320699354,1392.063720703125,10728792,0.0,0.0,1428.6587611607142,1463.5630810546877,40.26855728526821,-10.973927188156267,-10.792994737516896,-0.1809324506393714,-0.0214346773313644,0.0127644275792022,-4.779731362583026,1423.8069091796874,24.162377029789997,1472.1316632392677,1375.482155120107,0.1715638900362957,10994514.85,0.9758313255632194,-4.664211591385487,0.0059174163006636,-0.0214346773313644,-0.015,0.004044070860146354,-0.06496358693639992
2026-02-26 00:00:00+05:30,1392.0637118415314,1406.397463315574,1385.4941111892442,1400.3255615234375,16683858,0.0,0.0,1425.5303693498884,1460.8655541992186,42.65067009345615,-11.643631166936302,-10.963122023400778,-0.6805091435355237,0.0059174163006636,0.0128018808554667,-2.905644650311196,1424.593280029297,23.049452203902284,1470.6921844371016,1378.4943756214925,0.2367863855160205,10786373.6,1.546753210921602,-4.494315192666018,-0.0092120963002748,0.0059174163006636,0.0059174163006636,0.009985417611638958,-0.05943058722402328
2026-02-27 00:00:00+05:30,1391.5659695052796,1403.9089251530934,1381.711508080472,1387.48486328125,12031440,0.0,0.0,1420.7169102260043,1457.8694067382812,39.98185341746781,-13.059966267443542,-11.382490872209331,-1.6774753952342092,-0.0092120963002748,0.0126110217077554,-1.810365225299829,1424.5186279296877,23.17296054380082,1470.8645490172892,1378.1727068420855,0.1004636030597243,10825953.85,1.1113514953696204,-2.011952100302125,-0.0260926079521211,-0.0092120963002748,-0.0092120963002748,0.0006813346827272415,-0.06809520323160845
2026-03-02 00:00:00+05:30,1369.1694587628867,1372.2551671563265,1335.3259388807069,1351.75,23728722,0.0,0.0,1413.5713762555804,1454.1585620117187,33.6679525571373,-16.871443359878413,-12.48028136974315,-4.391161990135263,-0.0260926079521211,0.0139790343170684,-5.504140831183677,1422.9060791015625,26.95446723147549,1476.8150135645135,1368.9971446386114,-0.1599655494068848,11226831.7,2.1135724337971507,-11.633400332527156,-0.0096189369899536,-0.0260926079521211,-0.015,-0.025429051068154407,-0.0820737751831343
2026-03-04 00:00:00+05:30,1323.8789706886037,1346.5740873609554,1300.9848230751916,1338.8099365234375,32495007,0.0,0.0,1404.776332310268,1449.7768237304688,31.714844009386752,-20.69763197618568,-14.123751491031657,-6.573880485154019,-0.0096189369899536,0.0135745419044286,-5.481375294456893,1418.3222778320312,32.766160867914515,1483.8545995678603,1352.789956096202,-0.1066650715437812,11578773.5,2.806429109266193,-15.383091185176376,0.0324780005682847,-0.0096189369899536,-0.0096189369899536,-0.034803387618169146,-0.09090324970107377
2026-03-05 00:00:00+05:30,1346.872629427245,1392.5614090361375,1346.872629427245,1383.005615234375,25957532,0.0,0.0,1400.5458984375,1446.0739453125,43.72282626217276,-19.93390644249189,-15.285782481323704,-4.648123961168185,0.0324780005682847,0.016855543088912,-3.6009151869470992,1414.9677856445312,32.776342497051175,1480.5204706386337,1349.415100650429,0.2562100590309015,12459980.75,2.083272239405346,-7.501686645420003,0.0110229277583225,0.0324780005682847,0.0324780005682847,-0.003455731492725489,-0.061377604928239404
2026-03-06 00:00:00+05:30,1390.0728674061677,1417.7449716586152,1383.9014503612218,1398.334716796875,19311971,0.0,0.0,1399.493626185826,1442.7712182617188,47.191542632244015,-17.88554464395702,-15.805734913850369,-2.079809730106652,0.0110229277583225,0.0164441054860092,-0.3334498341364406,1413.0466674804688,32.55728202929598,1478.1612315390607,1347.932103421877,0.387030260462501,12837396.4,1.5043526271417464,-0.501626134003134,0.0135748239713118,0.0110229277583225,0.0110229277583225,0.007529103987000463,-0.05103123807501975
2026-03-09 00:00:00+05:30,1368.6718029922313,1422.8214608086796,1363.6948146177142,1417.4462890625,24870822,0.0,0.0,1398.562220982143,1440.0995703125,51.227751975554206,-14.55230904107816,-15.555049739295928,1.0027406982177671,0.0135748239713118,0.0165281364181997,0.3240739260758249,1411.7128295898438,31.75364752607184,1475.2201246419877,1348.2055345377,0.5451401643539431,13667072.3,1.8197622324716904,0.5897374912016088,-0.0107315064256242,0.0135748239713118,0.0135748239713118,0.021206134219597494,-0.03814915417761444
2026-03-10 00:00:00+05:30,1424.015880450879,1424.9117626543534,1394.1539503917586,1402.3162841796875,18071259,0.0,0.0,1397.5526035853795,1437.1054150390626,48.09383866409837,-12.981913342396863,-15.040422459916115,2.058509117519252,-0.0107315064256242,0.0165670788443333,-1.3445333985095071,1409.084979248047,30.12687747350784,1469.338734195063,1348.8312243010312,0.4438317572547015,14281842.05,1.265331106220993,-1.7012799324871064,-0.0132907498012486,-0.0107315064256242,-0.0107315064256242,0.010247054028333036,-0.04847126271004942
2026-03-11 00:00:00+05:30,1418.34212900751,1427.4002232775151,1377.2321576556008,1383.8017578125,21848087,0.0,0.0,1393.91938999721,1434.0117163085938,44.505804584730406,-13.080546583918933,-14.64844728471668,1.5679007007977503,-0.0132907498012486,0.0163978316317548,-2.701577162408856,1405.685693359375,28.86409295609542,1463.4138792715655,1347.957507447184,0.3104570999324132,14861264.9,1.4701364350217592,-3.971687018479955,0.0014376437921421,-0.0132907498012486,-0.0132907498012486,-0.0031798868042060002,-0.06111779308606813
2026-03-12 00:00:00+05:30,1383.6027762448114,1404.4066120742225,1374.7437125844203,1385.7926025390625,20939959,0.0,0.0,1392.6893572126116,1431.07330078125,44.98112697587317,-12.84994345781979,-14.288746519337304,1.438803061517513,0.0014376437921421,0.0153974188015452,-0.4504907405312586,1401.8782958984375,25.92578663662693,1453.7298691716917,1350.0267226251835,0.3448871235342794,15552919.0,1.3463684212590576,-0.6065265071208945,-0.0082945753817056,0.0014376437921421,0.0014376437921421,-0.0017468145565876503,-0.05976801490974559
2026-03-13 00:00:00+05:30,1378.8248707870416,1394.3531723993444,1372.0562392077015,1374.3455810546875,17265090,0.0,0.0,1389.937787737165,1427.2967602539063,42.715610998687055,-13.43598610184813,-14.11819443583947,0.6822083339913405,-0.0082945753817056,0.0153376544837799,-1.8552814561555209,1398.4839904785156,24.783281367469197,1448.050553213454,1348.9174277435773,0.256505110583213,15859403.55,1.0886342569925966,-2.019722949534008,0.0103754901438136,-0.0082945753817056,-0.0082945753817056,-0.010026900853275844,-0.06756683998636748
2026-03-16 00:00:00+05:30,1373.6488401657623,1390.8692691567512,1357.224777946389,1388.6793212890625,22837802,0.0,0.0,1387.598606654576,1423.7033764648438,46.35884159199065,-12.59858740138634,-13.814273028948843,1.2156856275625056,0.0103754901438136,0.0155541412380801,0.0860880027900079,1397.264630126953,24.62749213262937,1446.519614392212,1348.0096458616945,0.4128483242258786,16463509.0,1.3871770592769743,0.1194193025492711,0.0017903171965119,0.0103754901438136,0.0103754901438136,0.00024455527956157574,-0.05789238892488113
2026-03-17 00:00:00+05:30,1392.5613056143347,1399.429573667814,1381.810962442932,1391.167724609375,19007744,0.0,0.0,1385.3802839006696,1419.827294921875,46.9891614288066,-11.600427044687422,-13.37150383209656,1.7710767874091395,0.0017903171965119,0.01557114387655,2.9160513859348995,1395.2987182617187,23.373368998043617,1442.045456257806,1348.5519802656315,0.4558151666893903,17119070.5,1.110325703723225,3.237766807181253,0.0074848745397811,0.0017903171965119,0.0017903171965119,0.002035310307596072,-0.05620571746780856
2026-03-18 00:00:00+05:30,1390.7696473738065,1406.3974645008152,1390.7696473738065,1401.6195068359375,9559327,0.0,0.0,1386.0628400530134,1416.4429443359377,49.6645744419593,-9.852433572850488,-12.667689780247349,2.8152562073968603,0.0074848745397811,0.0146235862907407,4.691447874640154,1394.557147216797,22.8973809561693,1440.3519091291355,1348.7623853044583,0.5771088146790622,17060455.35,0.560320741966597,2.6287155540159857,-0.0166855403823133,0.0074848745397811,0.0074848745397811,0.009535418889679015,-0.04914153567169244
2026-03-19 00:00:00+05:30,1381.6119817895922,1409.1844489610974,1369.7667250791762,1378.4267578125,16498373,0.0,0.0,1384.4986397879463,1413.9982495117188,44.31934827478494,-10.220778397949516,-12.17830750378778,1.957529105838265,-0.0166855403823133,0.0152139340039933,-0.3310801757734751,1391.745147705078,21.09474067266768,1433.9346290504134,1349.5556663597429,0.3421598290867506,17609319.2,0.9369114621989476,-0.3101928115890111,0.0211496686368587,-0.0166855403823133,-0.015,-0.00730922510958032,-0.06340441263661711
2026-03-20 00:00:00+05:30,1391.5659566755692,1423.4186824363833,1389.6746767818197,1407.8905029296875,22994918,0.0,0.0,1385.9561854771205,1412.210517578125,51.46575958403755,-8.04250731541174,-11.351147466112574,3.3086401507008336,0.0211496686368587,0.0161101861305583,0.6833690115841266,1391.9890197753907,21.259413690326223,1434.5078471560432,1349.4701923947382,0.6869934348369693,18164831.9,1.2659031543253645,0.8650789873325524,-0.0046771787941442,0.0211496686368587,0.0211496686368587,0.013685855838218464,-0.043595726317137595
2026-03-23 00:00:00+05:30,1393.5567722314413,1409.084951963176,1384.598192981382,1401.3209228515625,18979554,0.0,0.0,1389.4969656808037,1410.960300292969,49.92705931186382,-6.76830123344007,-10.434578219578071,3.666276986138003,-0.0046771787941442,0.014244087881985,-1.1376350790408312,1391.411688232422,20.81471612533499,1433.0411204830918,1349.782255981752,0.6190171722673575,18704926.1,1.0146821162795183,-1.1543379695549676,0.0028372670414163,-0.0046771787941442,-0.0046771787941442,0.008944665849367928,-0.048069000104635995
2026-03-24 00:00:00+05:30,1413.4647025895886,1415.8536813182018,1400.1263494042955,1405.302490234375,18620893,0.0,0.0,1394.2464338030134,1409.6961450195313,50.88545945915941,-5.375242076190261,-9.422710990900512,4.047468914710251,0.0028372670414163,0.0138062928115761,0.2129481122323513,1390.605419921875,19.882256562717075,1430.3699330473091,1350.8409067964408,0.684801336132788,19248027.95,0.9674182232263436,0.2060098843752253,0.0009203356436245,0.0028372670414163,0.0028372670414163,0.011807311296395007,-0.04536811765293047
2026-03-25 00:00:00+05:30,1413.464703831985,1423.9163794589117,1401.9181150601291,1406.596435546875,19041331,0.0,0.0,1395.9314923967634,1408.3005981445312,51.21227363672084,-4.11933693288961,-8.362036179298332,4.242699246408723,0.0009203356436245,0.0109943727775831,1.6472502369420747,1389.8240295410155,18.85474891100066,1427.533527363017,1352.1145317190142,0.7223896760045649,19573624.05,0.9728055954972732,1.6024542476814594,-0.0470896473414084,0.0009203356436245,0.0009203356436245,0.01273851362946088,-0.0444895359050661
2026-03-27 00:00:00+05:30,1394.552193095842,1398.235116023098,1338.809921280448,1341.8956298828125,23266517,0.0,0.0,1391.9001290457588,1406.2162353515623,37.702698556308135,-8.24973948689103,-8.339576840816873,0.0898373539258425,-0.0470896473414084,0.0165634363290733,-3.167643742347993,1387.315625,21.668316651772063,1430.6522583035442,1343.9789916964558,-0.0240369596670176,20200510.3,1.151778675610982,-3.648424514368986,-0.0031203544733915,-0.0470896473414084,-0.015,-0.03495098582641254,-0.05882219286649015
2026-03-30 00:00:00+05:30,1328.855902170806,1358.7178325566667,1327.960019957529,1337.7149658203125,24393861,0.0,0.0,1386.20503452846,1403.9288110351563,37.023087352741626,-11.72529600584494,-9.016720673822489,-2.708575332022452,-0.0031203544733915,0.0158691958951848,-2.6653132763205214,1384.1850952148438,24.07856175971133,1432.3422187342665,1336.0279716954212,0.0175155200477337,20586010.45,1.1849727298666557,-3.158323548991368,0.0186507270160003,-0.0031203544733915,-0.0031203544733915,-0.03796228083483122,-0.06175900124723599
2026-04-01 00:00:00+05:30,1377.8294025098971,1378.028554948465,1356.627505100946,1362.8984375,14404619,0.0,0.0,1383.3894740513392,1402.1450561523438,43.61629448698258,-12.305750853872496,-9.674526709832488,-2.631224144040008,0.0186507270160003,0.0168427902352314,-1.8565037581989057,1382.9557739257812,24.524718253277737,1432.0052104323363,1333.9063374192258,0.295539583588279,20704669.4,0.6957183774206992,-1.2916037823295727,-0.0137517006076611,0.0186507270160003,0.0186507270160003,-0.020019577955586065,-0.04426012450427863
2026-04-02 00:00:00+05:30,1350.7546307176451,1351.9490593116357,1321.8880984473344,1344.2845458984375,21280051,0.0,0.0,1380.5668160574776,1400.006940917969,40.261174488367,-14.105155539444697,-10.56065247575493,-3.544503063689765,-0.0137517006076611,0.0168669160468436,-3.3700594027295883,1382.582501220703,25.07530889061897,1432.733119001941,1332.431883439465,0.118170652559804,20582235.85,1.0339037583227382,-3.4843170822530034,-0.03450178064181,-0.0137517006076611,-0.0137517006076611,-0.0334959753209102,-0.05740317313089904
2026-04-06 00:00:00+05:30,1352.7454554606609,1352.7454554606609,1284.0630151171836,1298.6953125,29274881,0.0,0.0,1374.3455810546875,1397.83896484375,33.47026119909266,-18.990950985401696,-12.246712177684284,-6.744238807717412,-0.03450178064181,0.0189040114383656,-7.343233583291231,1380.5767700195313,29.900902170422725,1440.378574360377,1320.774965678686,-0.1846069146412465,20421229.55,1.4335513406929017,-10.526902348348283,-7.660851207029054e-05,-0.03450178064181,-0.015,-0.0668420851698146,-0.07154212553393557
2026-04-07 00:00:00+05:30,1289.040031502862,1302.2788696189978,1285.058440671965,1298.5958251953125,28388922,0.0,0.0,1368.9348842075892,1396.0591943359375,33.45699890082942,-22.610368615680045,-14.319443465283438,-8.290925150396607,-7.660851207029054e-05,0.0189092771007131,-5.791452622689619,1376.3562805175782,35.05329810593743,1446.462876729453,1306.249684305703,-0.0545872965167178,20542799.05,1.3819403057442652,-8.003441808103117,0.0325771833634822,-7.660851207029054e-05,-7.660851207029054e-05,-0.06691357300919631,-0.07161325331021828
2026-04-08 00:00:00+05:30,1342.7914745147666,1344.3840865060406,1320.0963587364663,1341.5970458984375,21817543,0.0,0.0,1365.5718645368304,1394.9284228515626,43.81906685089357,-21.75812985264952,-15.807180742756657,-5.950949109892862,0.0325771833634822,0.0210247451975793,-4.708708304608885,1373.5193969726563,35.47433098590036,1444.468058944457,1302.5707350008556,0.2750320429798473,20668077.65,1.055615494070877,-4.970585443405351,-0.0132947368044034,0.0325771833634822,0.0325771833634822,-0.036516245383140356,-0.04136902803107856
2026-04-09 00:00:00+05:30,1339.8052690319548,1343.7868597274437,1320.195983460075,1323.87890625,20725390,0.0,0.0,1360.7655203683037,1393.4850952148438,40.98694691680968,-22.25587837376725,-17.096920268958776,-5.15895810480847,-0.0132947368044034,0.021175962346236,-5.526358405037937,1368.8410278320312,35.546114402532986,1439.9332566370972,1297.7487990269651,0.1837761149301092,20460806.05,1.0129312574173976,-5.597821168154281,0.0150738042461978,-0.0132947368044034,-0.0132947368044034,-0.04932550831608995,-0.05411377449595478
2026-04-10 00:00:00+05:30,1330.8467605257397,1346.0763943468285,1325.3720730291864,1343.9859619140625,19364461,0.0,0.0,1356.6488385881696,1392.770400390625,45.30705735918309,-20.78824239433333,-17.83518469403369,-2.9530577002996488,0.0150738042461978,0.021573325883357,-4.363226333576495,1365.92451171875,35.04437707183487,1436.0132658624198,1295.8357575750802,0.3434945086930977,20525466.15,0.943435869299368,-4.1164242289676345,-0.0263400347205739,0.0150738042461978,0.0150738042461978,-0.03499522712659309,-0.03985567069353191
2026-04-13 00:00:00+05:30,1315.119386993808,1321.4899565481755,1303.970981405046,1309.0474853515625,28753269,0.0,0.0,1351.6931762695312,1391.4684204101563,39.84826748489131,-22.18859703771864,-18.70586716277068,-3.4827298749479567,-0.0263400347205739,0.0221899669680061,-6.935105743914824,1362.1867980957031,36.97086268132401,1436.128523458351,1288.2450727330552,0.1406676170760263,20870725.25,1.3776842278157055,-9.55438580162556,0.0218119689960332,-0.0263400347205739,-0.015,-0.0604134863495982,-0.054257835633128915
2026-04-15 00:00:00+05:30,1330.8467629297493,1340.8007402141902,1328.059600686701,1337.9140625,15313779,0.0,0.0,1346.694859095982,1390.4212646484375,45.67234916207083,-20.730132589353616,-19.11072024808727,-1.6194123412663473,0.0218119689960332,0.0222476249251229,-0.2967121506432069,1359.79287109375,36.91195999351357,1433.6167910807771,1285.968951106723,0.3518176182083356,20589416.25,0.74376945970967,-0.2206854359731922,-0.0005953309818526,0.0218119689960332,0.0218119689960332,-0.03991925444476474,-0.03362933686571734
2026-04-16 00:00:00+05:30,1345.7777093601655,1347.5694738488123,1323.8789596516422,1337.1177978515625,30211012,0.0,0.0,1342.108921595982,1389.4716577148438,45.54136096947924,-19.41473987282484,-19.171524173034783,-0.2432156997900563,-0.0005953309818526,0.0222597512932605,-0.0446408976507043,1357.9314819335937,37.07775983120696,1432.0870015960077,1283.7759622711797,0.3596619363144949,21236712.35,1.4225842259430517,-0.0635054368298302,0.0160251308774085,-0.0005953309818526,-0.0005953309818526,-0.04049082025767392,-0.03420464726143457
2026-04-17 00:00:00+05:30,1333.832952366644,1362.1022720767137,1333.832952366644,1358.7178955078125,13869105,0.0,0.0,1338.781450544085,1388.8664575195312,49.75139647699285,-16.439826223503587,-18.625184583128544,2.1853583596249564,0.0160251308774085,0.0228138678897291,-0.3067390699967326,1356.4334106445312,36.368544590831256,1429.1704998261937,1283.6963214628688,0.5157037138066916,20788277.5,0.6671598933581678,-0.2046440052278037,-0.0012461698212178,0.0160251308774085,0.0160251308774085,-0.025114560074228298,-0.018727650333006274
2026-04-20 00:00:00+05:30,1356.9261198573818,1366.6810660920328,1346.5740808024586,1357.0257568359375,13614733,0.0,0.0,1335.240687779018,1388.326953125,49.42901811941002,-14.05669039545569,-17.711485745593976,3.6547953501382864,-0.0012461698212178,0.0227968966253551,0.9478061007526166,1354.7263122558593,35.44183098415616,1425.6099742241715,1283.842650287547,0.5162198489484513,20518626.95,0.6635304123017842,0.6288981728145302,-0.0073621785653244,-0.0012461698212178,-0.0012461698212178,-0.02632943288860845,-0.01995048232155683
2026-04-21 00:00:00+05:30,1352.7454957201878,1363.4958396538184,1343.8864317482064,1347.07177734375,27293629,0.0,0.0,1335.6104125976562,1386.6586694335938,47.47999607530022,-12.823420627609948,-16.73387272199717,3.910452094387221,-0.0073621785653244,0.0189812281340803,3.7250049629135007,1351.99892578125,33.69928294867189,1419.3974916785935,1284.600359883906,0.4634476759861289,21405342.05,1.2750849267554685,4.749697680300318,0.0064814980247903,-0.0073621785653244,-0.0073621785653244,-0.033497769467483174,-0.027165781873565553
2026-04-22 00:00:00+05:30,1344.085556855853,1359.7132520720183,1342.8910067161314,1355.8311767578125,9525953,0.0,0.0,1336.9044276646205,1384.7733837890626,49.37185628647517,-11.012292273587946,-15.589556632315324,4.57726435872738,0.0064814980247903,0.0190225335560575,4.407480022037777,1350.8691467285155,33.140783891051164,1417.150714510618,1284.5875789464135,0.5374314473490521,21056721.05,0.4523948898491961,1.9939214390823123,-0.0138238789903088,0.0064814980247903,0.0064814980247903,-0.027233387169331325,-0.02086035881033066
2026-04-23 00:00:00+05:30,1339.8052948565,1349.261572940554,1334.529638479888,1337.21728515625,16385079,0.0,0.0,1335.070059640067,1382.782587890625,45.6118424502275,-10.95268970490838,-14.662183246833935,3.709493541925557,-0.0138238789903088,0.0186763228790779,-0.326458734802481,1347.3354858398438,30.394877214839784,1408.1252402695234,1286.5457314101643,0.416777088684423,20726229.1,0.7905480018070435,-0.2580813004705569,-0.0116802719689266,-0.0138238789903088,-0.0138238789903088,-0.04068079511091505,-0.034395866724751034
2026-04-24 00:00:00+05:30,1333.8328899956955,1339.7057606040942,1318.9019248091768,1321.6890869140625,11744802,0.0,0.0,1333.45609828404,1380.3339086914064,42.69095749235338,-12.019892227913031,-14.133725043049758,2.1138328151367247,-0.0116802719689266,0.0185785394694948,-0.1654093380897162,1343.3538940429687,28.07824739711071,1399.51038883719,1287.1973992487474,0.3071032815679266,20364491.5,0.5767294508679482,-0.0953964367249128,0.0282168708530272,-0.0116802719689266,-0.0116802719689266,-0.05188590432903395,-0.045674385615725566
2026-04-27 00:00:00+05:30,1306.9571155871215,1365.2873936261717,1304.9663202853897,1359.51416015625,24673098,0.0,0.0,1337.800301688058,1378.4267260742188,50.933566871464365,-9.701655971882928,-13.247311228816391,3.5456552569334647,0.0282168708530272,0.0174616820453755,1.1553839610104804,1341.0644775390624,24.385142837793992,1389.8347632146504,1292.2941918634745,0.6891488060979578,20667101.75,1.1938344475417313,1.379337172791524,0.0167717046479155,0.0282168708530272,0.0282168708530272,-0.025133091337551594,-0.018746303002908582
2026-04-28 00:00:00+05:30,1351.7500009887617,1388.7787447541257,1350.75460334444,1382.5078125,41027699,0.0,0.0,1343.7940150669642,1377.0411328125,55.15596442483098,-5.940562353874839,-11.785961453828085,5.845399099953244,0.0167717046479155,0.0177908473385172,5.611738914781134,1339.8600463867188,21.388841209605594,1382.63772880593,1297.0823639675075,0.998481494337902,21766420.15,1.884907978310802,10.577611452668162,0.0259404208407981,0.0167717046479155,0.0167717046479155,-0.00878291147443866,-0.0022890058121982637
2026-04-29 00:00:00+05:30,1385.5935377241706,1427.2012083655534,1384.896807968084,1418.83984375,30542143,0.0,0.0,1349.3113577706474,1376.1791186523435,60.88388225892081,-0.0278561733398419,-9.434340397730436,9.406484224390594,0.0259404208407981,0.0170576803788357,6.0486531622803685,1343.707257080078,27.74869577447048,1399.204648629019,1288.2098655311372,1.1769019639748797,22130201.45,1.380111386197978,8.347815100425542,0.0037813202169092,0.0259404208407981,0.0259404208407981,0.016929676946505046,0.02359203725452441
2026-04-30 00:00:00+05:30,1402.515369272921,1430.386505071105,1386.6885214286783,1424.215087890625,30957881,0.0,0.0,1356.478227887835,1375.8187866210938,61.664056216248014,5.033717787566047,-6.54072876067114,11.574446548237187,0.0037813202169092,0.016320590163082,6.513808295649613,1348.0322631835938,33.00821423912783,1414.0486916618495,1282.0158347053382,1.076998986942501,22458402.45,1.3784542809277158,8.978986930280678,0.0,0.0037813202169092,0.0037813202169092,0.02077501369311796,0.027462566518862364
2026-05-01 00:00:00+05:30,1424.215087890625,1424.215087890625,1424.215087890625,1424.215087890625,0,0.0,0.0,1362.2088797433037,1376.0417578125,61.66405621600161,8.941974106935731,-3.4441881871497664,12.386162294085498,0.0,0.0161163281861446,4.820514442281143,1351.098095703125,37.06050174245468,1425.2190991880343,1276.9770922182156,0.9932272146206592,21738171.5,0.0,0.0,0.0223236740177955,0.0,-0.0,0.02077501369311796,0.027462566518862364
2026-05-04 00:00:00+05:30,1426.803070277682,1460.6465916696056,1426.803070277682,1456.3663330078125,24035700,0.0,0.0,1372.731654575893,1376.559365234375,66.32347687094415,14.466867140212798,0.1380228783227468,14.328844261890051,0.0223236740177955,0.014166269676446,7.320463570529349,1356.7021850585938,43.83161318456223,1444.3654114277183,1269.0389586894694,1.0684490069391344,21875953.95,1.0987269426026562,8.043190557281836,0.0003416692878207,0.0223236740177955,0.0223236740177955,0.043562462344313824,0.05039930591931685
2026-05-05 00:00:00+05:30,1453.280606341501,1466.6189594959255,1443.3266295857377,1456.864013671875,23543341,0.0,0.0,1381.2280796595985,1377.367626953125,66.39157130618479,18.670323476919748,3.844482998042147,14.825840478877602,0.0003416692878207,0.013664690257782,8.150436982995886,1364.6106201171874,46.97128110175865,1458.5531823207048,1270.66805791367,0.9910095668608104,21589376.95,1.0905058100808231,8.88809888465463,-0.0177154000264387,0.0003416692878207,0.0003416692878207,0.04391901558761946,0.05075819510209767
2026-05-06 00:00:00+05:30,1456.2668061036345,1466.519450812893,1420.9301884572374,1431.2823486328125,14221786,0.0,0.0,1387.9541190011162,1377.2999389648437,59.7084008201442,19.710159880318315,7.017618374497381,12.692541505820934,-0.0177154000264387,0.015008376132642,5.564938553443338,1371.2449462890625,46.52481187385568,1464.2945700367738,1278.195322541351,0.8226095922028202,20881020.15,0.6810867427854094,3.790205873165671,-0.0011830383752552,-0.0177154000264387,-0.015,0.025425572631278648,0.0349968221755661
2026-05-07 00:00:00+05:30,1432.1782190445704,1442.828925531327,1423.717338832762,1429.590087890625,19816903,0.0,0.0,1393.0164184570312,1377.8314794921876,59.28326775669663,20.165234155623462,9.6471415307226,10.518092624900866,-0.0011830383752552,0.0147257222268524,6.907837922808596,1375.644598388672,47.718816247415525,1471.082230883503,1280.206965893841,0.7826216875448728,20780988.15,0.953607348070212,6.587365002468347,-0.000696498955092,-0.0011830383752552,-0.0011830383752552,0.024212454827887697,0.03377238121666526
2026-05-08 00:00:00+05:30,1419.4371163507371,1436.1598462687914,1410.9762359236815,1428.5947265625,8663105,0.0,0.0,1398.1284877232142,1378.1460229492188,59.01709387980383,20.212568548497984,11.76022693427768,8.452341614220305,-0.000696498955092,0.0147124425551541,8.08856187940883,1380.880389404297,47.48428110930392,1475.848951622905,1285.9118271856892,0.7512112221324865,20177873.9,0.4293368589244677,3.472717750521577,-0.033296269285411,-0.000696498955092,0.000696498955092,0.02349909192330779,0.03449240259998554
2026-05-11 00:00:00+05:30,1413.4647305422184,1421.427912122738,1375.6396180347506,1381.81103515625,15261787,0.0,0.0,1400.60986328125,1377.3536865234375,48.08832274386906,16.287278874627418,12.665637322347628,3.6216415522797902,-0.033296269285411,0.0175646964843381,1.640061990780398,1382.7716430664063,46.68399512189158,1476.1396333101895,1289.4036528226231,0.4948557963620712,19972740.2,0.7641308527109365,1.2532219675138216,-0.0175863842171055,-0.033296269285411,-0.015,-0.010579609454744232,0.018975016560985658
2026-05-12 00:00:00+05:30,1385.593546668805,1387.0866431630602,1354.0394893602804,1357.722412109375,24357500,0.0,0.0,1400.7449515206474,1376.0636499023435,43.610314371684574,11.10469989706212,12.353449837290528,-1.248749940228409,-0.0175863842171055,0.0182381278502591,-1.792785557269681,1385.205389404297,43.81916351162182,1472.8437164275406,1297.5670623810531,0.3432022938569282,19752951.75,1.2331068443985846,-2.2106961412081745,-0.0038195707272034,-0.0175863842171055,-0.015,-0.027979936595111665,0.003690391312570762
2026-05-13 00:00:00+05:30,1355.1343963286624,1366.0837705701026,1346.1758174038478,1352.54638671875,13797989,0.0,0.0,1401.83988734654,1375.2733032226563,42.690405810663165,6.50482317524984,11.183724504882392,-4.678901329632552,-0.0038195707272034,0.017842320703099,-4.672370692384568,1385.9370056152345,43.10433995535538,1472.145685525945,1299.7283257045235,0.3063384166706411,19677162.25,0.701218439157811,-3.276352484080608,0.0022054063324332,-0.0038195707272034,-0.0038195707272034,-0.03169263597554739,-0.00014327512526202124
2026-05-14 00:00:00+05:30,1358.9168476375537,1371.6579863902991,1352.148216400817,1355.5325927734375,17303059,0.0,0.0,1404.25728062221,1374.3774438476562,43.43177755864389,3.065017985311897,9.559983200968292,-6.494965215656396,0.0022054063324332,0.0174765376303692,-4.822480515840602,1386.8577453613282,42.19369894136177,1471.2451432440516,1302.4703474786047,0.3143967382936461,19031764.6,0.9091673506722544,-4.384441834255368,-0.0188279070677008,0.0022054063324332,0.0022054063324332,-0.02955712478318606,0.0020618152273026435
2026-05-15 00:00:00+05:30,1350.5556491178086,1358.518830724615,1323.082575367519,1330.24951171875,19976192,0.0,0.0,1402.16694859096,1373.2327368164065,38.849427804555184,-1.681799019547043,7.311626756865227,-8.99342577641227,-0.0188279070677008,0.0165034230701367,-6.597709641669745,1385.434326171875,43.64809931311742,1472.73052479811,1298.13812754564,0.1839220073636718,19337118.95,1.0330490313294578,-6.815757554319954,-0.0003741958034884,-0.0188279070677008,-0.015,-0.04782853305228052,-0.012969112001106953
2026-05-18 00:00:00+05:30,1327.860551095503,1335.8237328112184,1312.630917460794,1329.7518310546875,13022473,0.0,0.0,1398.3986642020088,1372.7927734375,38.76273152550973,-5.421350412286984,4.765031323034785,-10.186381735321769,-0.0003741958034884,0.0156531355729605,-8.693863561898597,1384.0706298828125,44.98787848362588,1474.0463868500642,1294.0948729155607,0.1981475863109702,19307505.95,0.6744772231961944,-5.863812954075942,-0.0099302371021178,-0.0003741958034884,-0.0003741958034884,-0.04818483161941378,-0.013338454817309553
2026-05-19 00:00:00+05:30,1332.5387892026445,1337.8144453658963,1312.3322897558653,1316.6124267578125,21665501,0.0,0.0,1391.096705845424,1372.3488232421876,36.450011344623455,-9.33757420620941,1.9445102171859456,-11.282084423395355,-0.0099302371021178,0.0133580633967682,-9.62695114972144,1382.5476623535155,46.78595182566355,1476.119566004843,1288.9757587021884,0.1476761024260306,19026099.55,1.138725304314935,-10.96245287759156,0.0275889852182833,-0.0099302371021178,-0.0099302371021178,-0.05763658191882515,-0.023136237900515555
2026-05-20 00:00:00+05:30,1312.6308349443716,1356.6274840630256,1306.558933569541,1353.442138671875,13248515,0.0,0.0,1386.041495186942,1371.7575537109376,46.14868523654161,-9.36144689256298,-0.3166812047638394,-9.044765687799142,0.0275889852182833,0.0158851284030221,-5.438494370820119,1382.4282104492188,46.86074330984992,1476.1496970689186,1288.706723829519,0.3453605847346266,19212227.65,0.6895876543499109,-3.75031857636904,-0.0074557983610258,0.0275889852182833,0.0275889852182833,-0.03163773150713267,0.003814441992323836
2026-05-21 00:00:00+05:30,1360.9076465750106,1364.590690861155,1339.0088978228712,1343.388671875,17150630,0.0,0.0,1380.2681797572543,1370.6586328125,44.16716455989221,-10.075453364043142,-2.2684356366197003,-7.807017727423442,-0.0074557983610258,0.0158786616216311,-6.029799503074066,1382.7367797851562,46.56676560144648,1475.8703109880491,1289.6032485822632,0.2887543433501107,19250505.2,0.890918436779519,-5.372059547372667,0.0036241250338794,-0.0074557983610258,-0.0074557983610258,-0.03885764532144109,-0.0036697960790565975
2026-05-22 00:00:00+05:30,1343.7868238683554,1361.106767233248,1342.8909416840763,1348.26611328125,7105813,0.0,0.0,1372.546735491071,1369.275029296875,45.39221710326266,-10.130956517393315,-3.840939812774424,-6.290016704618892,0.0036241250338794,0.0141732409911951,-5.622911227912591,1384.0656311035157,45.088742112717135,1474.24311532895,1293.8881468780814,0.3015052308801904,19018555.75,0.3736252685748759,-2.100861717701527,0.0091862003999624,0.0036241250338794,0.0036241250338794,-0.035374345252728756,-5.897084501660377e-05
2026-05-25 00:00:00+05:30,1360.5095872329855,1364.7897243191817,1350.7546414401118,1360.7086181640625,6750071,0.0,0.0,1365.6784929547991,1368.4428759765624,48.49677591569069,-9.066424905948452,-4.886036831409229,-4.180388074539223,0.0091862003999624,0.0146434017554218,-1.52715649645983,1384.1253540039063,45.05528921115632,1474.2359324262188,1294.0147755815938,0.3700666655911426,18122404.4,0.3724710502542367,-0.5688215841389734,-0.0078580646265102,0.0091862003999624,0.0091862003999624,-0.026513100677275414,0.00912668783694559
2026-05-26 00:00:00+05:30,1353.8404218493883,1362.2017870434288,1346.1759079681497,1350.0579833984375,13769747,0.0,0.0,1359.876752580915,1367.7680004882814,46.08172426354851,-8.978692372234264,-5.704567939574236,-3.2741244326600274,-0.0078580646265102,0.0142091659436493,-0.5645063116421526,1382.502862548828,45.69632160777066,1473.895505764369,1291.1102193332868,0.3224973148337978,16759506.8,0.821608127513633,-0.4638029736779363,-0.0042856068028996,-0.0078580646265102,-0.0078580646265102,-0.03416282364521439,0.0011969051075866322
2026-05-27 00:00:00+05:30,1346.7730400596713,1354.736221375619,1342.393266034199,1344.2845458984375,13215138,0.0,0.0,1353.7834995814733,1366.937839355469,44.779935029690016,-9.26819389286038,-6.4172931302314655,-2.850900762628916,-0.0042856068028996,0.0141831152293884,-0.6108360424041025,1378.77509765625,45.61697587061428,1470.0090493974783,1287.5411459150214,0.3109774316493506,15893156.55,0.8314986364366995,-0.5079093363454011,0.0,-0.0042856068028996,-0.0042856068028996,-0.038302022018693815,-0.003093831159984406
2026-05-28 00:00:00+05:30,1344.2845458984375,1344.2845458984375,1344.2845458984375,1344.2845458984375,0,0.0,0.0,1347.7613438197543,1366.3366186523438,44.779935029454045,-9.3893908803268,-7.011712680250533,-2.377678200076267,0.0,0.0141982986436628,-0.8297880062025177,1374.7785705566407,44.92251934100946,1464.6236092386596,1284.9335318746218,0.3302965577980983,14345262.5,0.0,-0.0,-0.0219344869877356,0.0,-0.0,-0.038302022018693815,-0.003093831159984406
2026-05-29 00:00:00+05:30,1357.7224546740497,1362.6994431442622,1310.938763054049,1315.119384765625,42634247,0.0,0.0,1342.9976545061384,1364.865419921875,38.42105641694693,-11.70390974001566,-7.95015209220356,-3.753757647812101,-0.0219344869877356,0.012657269502427,-1.137390152737294,1369.3237854003903,45.22620206778184,1459.7761895359542,1278.8713812648268,0.200370591844481,16476974.85,2.587504526050788,-2.9430021680933454,-0.0009086633380522,-0.0219344869877356,-0.015,-0.05939637380285645,-0.018047423692584608
2026-06-01 00:00:00+05:30,1326.3673976551404,1329.353590670499,1312.431830250133,1313.9249267578125,10700603,0.0,0.0,1339.8692626953125,1363.3205639648438,38.1819198298436,-13.479185727688218,-9.055958819300493,-4.423226908387727,-0.0009086633380522,0.0120007027031589,-1.190214890271815,1362.2017150878903,41.89016242397131,1445.9820399358332,1278.421390239948,0.2118846911986905,15810220.0,0.6768155661338046,-0.8055559647802025,-0.0040992803727456,-0.0009086633380522,-0.0009086633380522,-0.06025106583362072,-0.018939687998381083
2026-06-02 00:00:00+05:30,1301.6815361898257,1321.689127358814,1294.3156903458798,1308.5498046875,23302785,0.0,0.0,1336.7266496930804,1361.459169921875,37.06394882318683,-15.1452471854318,-10.273816492526754,-4.8714306929050455,-0.0040992803727456,0.0120035841057498,-0.6123762700741696,1354.7860046386718,37.10486557490427,1428.9957357884805,1280.5762734888633,0.1884761658963973,15798192.2,1.4750285795358282,-0.9032724997889512,-0.0010655286107936,-0.0040992803727456,-0.0040992803727456,-0.0641033601947576,-0.022961329279849063
2026-06-03 00:00:00+05:30,1308.9480145168118,1317.906594083847,1295.0124463014238,1307.15625,20012293,0.0,0.0,1333.271196637835,1360.033759765625,36.763404265761984,-16.38913733753361,-11.496880661528127,-4.892256676005484,-0.0010655286107936,0.011939504944562,-3.419864606646212,1348.5796997070313,33.87685780625785,1416.333415319547,1280.8259840945157,0.1943086491083933,16087717.55,1.2439485550266889,-4.25413563582447,-0.0072605469468864,-0.0010655286107936,-0.0010655286107936,-0.06510058484121561,-0.024002391937353096
2026-06-04 00:00:00+05:30,1295.0124259474096,1305.1654340270677,1287.1487597049047,1297.699951171875,23474327,0.0,0.0,1330.9462280273438,1357.8299487304687,34.706787144456015,-17.931272977605886,-12.78375912474368,-5.147513852862206,-0.0072605469468864,0.0111005649240389,-3.4010053575452703,1341.9851928710937,29.878265125111582,1401.741723121317,1282.2286626208704,0.1294527015392329,16270588.75,1.4427460100360536,-4.90678690970968,-0.0051763172698752,-0.0072605469468864,-0.0072605469468864,-0.07188846593559262,-0.03108866839074076
2026-06-05 00:00:00+05:30,1304.5,1306.0,1288.0,1291.0,17785223,6.0,0.0,1328.1782400948662,1355.6235302734376,33.2859828996901,-19.469622954591387,-14.120931890713225,-5.348691063878164,-0.0051763172698752,0.0111282915081453,-4.247389496564779,1335.1054565429688,24.18477874702915,1383.475014037027,1286.7358990489106,0.0440783539482784,16726694.65,1.0632837731631577,-4.516180330000962,-0.0216897283594007,-0.0051763172698752,-0.0051763172698752,-0.07669266569774058,-0.03610406084952755
2026-06-08 00:00:00+05:30,1277.0,1282.5999755859375,1259.199951171875,1263.300048828125,16494759,0.0,0.0,1324.3702130998884,1352.7834814453124,28.15433193762589,-22.662689577568926,-15.829283428084365,-6.833406149484562,-0.0216897283594007,0.0121597642844346,-7.158664833575179,1329.1799072265626,26.542448373246675,1382.264803973056,1276.0950104800693,-0.1205141427800694,16788343.25,0.9825126133277028,-7.033478493573074,0.0046593587502214,-0.0216897283594007,-0.015,-0.09671895097099903,-0.05056249993678463
2026-06-09 00:00:00+05:30,1269.0,1274.199951171875,1257.5,1269.199951171875,23620214,0.0,0.0,1318.3529139927457,1350.0355517578123,30.60821730810133,-24.435468202593484,-17.55052038298619,-6.884947819607294,0.0046593587502214,0.0088133747009877,-5.9892266273647286,1324.7537841796875,28.815784221862938,1382.3853526234134,1267.1222157359616,0.0180260184827537,16751478.95,1.4100375298504615,-8.445034319363971,-0.0082278172577896,0.0046593587502214,0.0046593587502214,-0.09251024051129653,-0.04613873001307667
2026-06-10 00:00:00+05:30,1275.0,1300.5,1254.4000244140625,1258.800048828125,21012796,0.0,0.0,1312.3108694893974,1348.373640136719,28.744509971590983,-26.375552290047608,-19.31552676439848,-7.060025525649134,-0.0082278172577896,0.0088350713743592,-6.359107328216727,1320.0664672851562,31.551700799625788,1383.1698688844078,1256.963065685905,0.0145553416746564,17112219.3,1.227941018731568,-7.808608730833828,0.0033309183708176,-0.0082278172577896,-0.0082278172577896,-0.09997690041568508,-0.05398692623181223
2026-06-11 00:00:00+05:30,1258.0,1276.0,1253.199951171875,1263.0,13117486,0.0,0.0,1306.2204328264509,1346.8793408203126,30.58276867243721,-27.259946256079505,-20.90441066273468,-6.355535593344822,0.0033309183708176,0.0088142836810466,-6.046677107644043,1315.4398376464844,32.83556178630418,1381.1109612190928,1249.768714073876,0.1007389946015997,16902940.65,0.7760475689772951,-4.692509069777822,0.0234752564213664,0.0033309183708176,-0.0033309183708176,-0.09697899693911938,-0.057138018558260284
2026-06-12 00:00:00+05:30,1277.0,1297.0,1262.5,1293.0,11988785,0.0,0.0,1301.3841029575892,1345.4813720703123,42.07746619707609,-25.249030460166296,-21.773334622221007,-3.475695837945288,0.0234752564213664,0.0110782701067754,-1.6819297945005216,1313.5773620605469,33.00729727924725,1379.5919566190414,1247.5627675020523,0.344145357567003,16503570.3,0.726435842794574,-1.221814087789291,0.0107693348523644,0.0234752564213664,0.0234752564213664,-0.07578034733838568,-0.03500409177395769
2026-06-15 00:00:00+05:30,1315.300048828125,1325.0,1303.300048828125,1307.0,18633321,0.0,0.0,1298.3085327148438,1344.7356811523437,46.52739503097621,-22.26897927578784,-21.872463552934377,-0.396515722853465,0.0107693348523644,0.0116379078883628,-0.5270412804253716,1312.4397705078125,32.811998570442384,1378.0637676486972,1246.8157733669275,0.4585534960927929,16784112.7,1.1101761131525292,-0.5851086401735712,0.0165418814208928,0.0107693348523644,0.0107693348523644,-0.06582711642173689,-0.024611727707110065
2026-06-16 00:00:00+05:30,1313.4000244140625,1333.4000244140625,1306.4000244140625,1328.800048828125,18513223,0.0,0.0,1297.202497209821,1345.3377758789063,52.630096526843055,-17.94136856355226,-21.08624455505796,3.144875991505696,0.0165418814208928,0.0126535341419099,1.5475333126858737,1313.0491516113282,33.00617047055747,1379.061492552443,1247.0368106702133,0.6193026712296655,16626498.8,1.113476939594763,1.723142656930412,0.0029306069020688,0.0165418814208928,0.0165418814208928,-0.0503741393549717,-0.00847697056751151
2026-06-17 00:00:00+05:30,1333.0,1334.0,1317.0,1332.699951171875,10029170,0.0,0.0,1296.375026157924,1346.0198583984377,53.649224540046674,-14.035227008725997,-19.676041045791564,5.640814037065567,0.0029306069020688,0.0126924582421371,1.954142909225657,1312.0120422363282,31.980081873500065,1375.9722059833282,1248.051878489328,0.6617249528736328,16465531.55,0.609100894771903,1.1902701945215173,-0.0034575919236776,0.0029306069020688,0.0029306069020688,-0.04759115925338242,-0.005571206333896628
2026-06-18 00:00:00+05:30,1330.0,1333.9000244140625,1322.0,1328.0999755859375,15494549,0.0,0.0,1297.302211216518,1345.7499169921875,52.22208344438678,-11.181863706145124,-17.97720557786228,6.795341871717156,-0.0034575919236776,0.0111754320638324,2.3426081188189967,1311.247607421875,31.36745597820484,1373.982519378285,1248.5126954654654,0.6343141134538617,16382727.5,0.9457856757978792,2.2156052027868234,-0.0141039460757393,-0.0034575919236776,-0.0034575919236776,-0.05088420036918706,-0.009009535299548954
2026-06-19 00:00:00+05:30,1328.0,1338.199951171875,1305.300048828125,1309.5,24887034,0.0,0.0,1296.9861450195312,1345.4623388671876,46.8008429975754,-10.302652747090631,-16.442295011707948,6.139642264617315,-0.0141039460757393,0.0118573155427445,1.4329976762199843,1309.3093017578126,30.13301422119627,1369.5753302002051,1249.04327331542,0.5015821371269694,17271788.55,1.440906593312827,2.064815799867336,0.0128985096300277,-0.0141039460757393,-0.0141039460757393,-0.06427047842681222,-0.022986411375255922
2026-06-22 00:00:00+05:30,1316.699951171875,1344.9000244140625,1314.0999755859375,1326.5,12931213,0.0,0.0,1298.268301827567,1345.1126196289065,51.7327848566325,-8.14027774786473,-14.781891558939304,6.641613811074574,0.0128985096300277,0.012294052825084,5.0027664631613975,1307.5988708496093,27.9539953610166,1363.5068615716425,1251.690880127576,0.669037814687032,17580845.65,0.7355284983120253,3.6796773040548647,-0.0128985096300277,0.0128985096300277,-0.0128985096300277,-0.05220096218169912,-0.035588430556800055
2026-06-23 00:00:00+05:30,1328.9000244140625,1333.0,1304.0,1309.5,15400184,0.0,0.0,1298.4357125418526,1345.121669921875,47.036711894326,-7.709467959321728,-13.36740683901579,5.657938879694061,-0.0128985096300277,0.0128396452897744,3.1752324597015025,1305.5709716796875,26.12286942103061,1357.8167105217487,1253.3252328376263,0.5376014236509307,17662367.5,0.8719207093839487,2.7685509387218743,0.003126056164783,-0.0128985096300277,-0.0128985096300277,-0.06442615719832945,-0.04802790247257327
2026-06-24 00:00:00+05:30,1305.699951171875,1322.0,1297.5,1313.5999755859375,11030917,0.0,0.0,1299.571428571429,1344.6353881835937,48.25665756392991,-6.957018158487244,-12.08532910291008,5.128310944422836,0.003126056164783,0.0126789563811469,4.3533464118331,1304.0367431640625,24.585328060653254,1353.207399285369,1254.866087042756,0.5972453204435793,17553156.45,0.6284292532469281,2.735770234713469,0.0034198460837076,0.003126056164783,-0.003126056164783,-0.06150150081942951,-0.05100382071675025
2026-06-25 00:00:00+05:30,1318.0,1328.0,1314.5999755859375,1318.0999755859375,12694362,0.0,0.0,1301.5071411132812,1344.255031738281,49.62807610090419,-5.929235344061908,-10.854110351140449,4.924875007078539,0.0034198460837076,0.0125713202694837,4.362626728894497,1302.7275146484376,22.973595892301866,1348.6747064330414,1256.7803228638338,0.6672840095382172,18187874.55,0.697957420208839,3.044927697033329,0.0,0.0034198460837076,-0.0034198460837076,-0.058291980402441324,-0.05424924158392552
2026-06-26 00:00:00+05:30,1318.0999755859375,1318.0999755859375,1318.0999755859375,1318.0999755859375,0,0.0,0.0,1305.421421595982,1343.442673339844,49.6280761005894,-5.056422764736453,-9.694572833859649,4.638150069123196,0.0,0.0106917591246941,1.9412200762519332,1302.8765441894532,23.067687551415425,1349.011919292284,1256.7411690866222,0.6649865354140168,16056162.2,0.0,0.0,-0.013058087683752,0.0,-0.0,-0.058291980402441324,-0.05424924158392552
2026-06-29 00:00:00+05:30,1308.0,1313.699951171875,1292.5999755859375,1301.0,13757656,0.0,0.0,1307.6928536551338,1342.322158203125,44.43747929265594,-5.6790728104138,-8.89147282917048,3.2124000187566804,-0.013058087683752,0.0115023046399016,-0.4590665646518745,1302.2302978515625,22.92246421096703,1348.0752262734966,1256.3853694296283,0.4865819634372705,16209014.85,0.8487657101504846,-0.3896399587530916,-0.005472267322013,-0.013058087683752,-0.013058087683752,-0.07058888629483873,-0.0665989379142976
2026-06-30 00:00:00+05:30,1306.9000244140625,1306.9000244140625,1290.0,1293.9000244140625,15695263,0.0,0.0,1310.199994768415,1341.2587231445314,42.45213670692263,-6.668565083136855,-8.446891279963754,1.7783261968268995,-0.005472267322013,0.0113405470137079,-2.626431602319777,1301.4978088378907,22.94395279846924,1347.3857144348292,1255.6099032409522,0.4172136500348893,15828638.75,0.9915737700438706,-2.604300685674585,0.0108383208266518,-0.005472267322013,-0.005472267322013,-0.07567487236108317,-0.0717067580446814
2026-07-01 00:00:00+05:30,1298.9000244140625,1312.199951171875,1296.5,1308.0,7001401,0.0,0.0,1313.4142804827009,1340.302099609375,47.47127424848342,-6.243028895843736,-8.006118803139751,1.7630899072960151,0.0108383208266518,0.0115849934590598,-1.853376759724178,1301.539996337891,22.95567739450336,1347.4513511268974,1255.628641548884,0.57035300626389,15178094.15,0.4612832764645883,-0.8549317042488908,-0.0034462986435875,0.0108383208266518,-0.0108383208266518,-0.06565674007959665,-0.08176789802220585
2026-07-02 00:00:00+05:30,1310.0,1313.199951171875,1299.0,1303.5,17795024,0.0,0.0,1314.1642804827009,1339.62775390625,46.08967411129068,-6.197460328638499,-7.644387108239501,1.446926779601002,-0.0034462986435875,0.0099553655212674,-1.8522683561592843,1301.8299987792968,22.94124418152156,1347.71248714234,1255.9475104162536,0.5181986775378152,14894129.0,1.1947676832931955,-2.2130303727257234,0.0003835091130418,-0.0034462986435875,-0.0034462986435875,-0.06887676598890546,-0.08493240006975045
2026-07-03 00:00:00+05:30,1312.0,1312.0,1302.0,1304.0,7839550,0.0,0.0,1313.949994768415,1339.2739721679689,46.27676636073178,-6.051246091328039,-7.325758904857208,1.274512813529169,0.0003835091130418,0.0095147037425899,-0.4200076365024819,1302.479998779297,22.8019886471911,1348.0839760736792,1256.8760214849146,0.5166652264877161,14396845.35,0.5445324867645397,-0.2287078027647933,0.0131796738881813,0.0003835091130418,-0.0003835091130418,-0.06851967174329732,-0.08528333683337297
2026-07-06 00:00:00+05:30,1304.0,1325.5999755859375,1299.4000244140625,1321.300048828125,7610709,0.0,0.0,1313.4142804827009,1338.5096899414064,52.42843942788936,-4.487669832601114,-6.75814109040599,2.2704712578048767,0.0131796738881813,0.009093714596332,-0.3920053653882397,1305.3799987792968,21.187892327968296,1347.7557834352333,1263.0042141233605,0.6878437199226934,13952642.85,0.5454671979939628,-0.2138260682569227,-0.0098111020510717,0.0131796738881813,-0.0131796738881813,-0.05624306478361785,-0.09733900415399455
2026-07-07 00:00:00+05:30,1323.5,1328.0,1304.0999755859375,1308.4000244140625,14335554,0.0,0.0,1311.678571428571,1337.0275341796876,48.01352230451528,-4.24056593833734,-6.254626059992261,2.0140601216549205,-0.0098111020510717,0.0093677566322692,-0.0839996629200076,1307.3400024414063,19.402795875011087,1346.1455941914285,1268.5344106913842,0.513658108597913,13488409.85,1.0628053387627452,-0.0892752902056551,-0.025153204261233,-0.0098111020510717,-0.0098111020510717,-0.06550236038643242,-0.10619510330176174
2026-07-08 00:00:00+05:30,1297.0,1302.300048828125,1271.5999755859375,1275.9000244140625,19960868,0.0,0.0,1307.9500034877233,1334.1687377929688,39.08393447522828,-6.591233076012941,-6.3219474631963966,-0.2692856128165442,-0.025153204261233,0.0113370945338,-2.8699719756814672,1308.195001220703,17.427482728676374,1343.049966678056,1273.3400357633502,0.0367234426590464,13435813.45,1.4856464087033003,-4.263763558750288,0.0030520227958184,-0.025153204261233,-0.015,-0.0890079703972726,-0.11960217675223528
2026-07-09 00:00:00+05:30,1277.0999755859375,1296.5,1274.199951171875,1279.800048828125,14651963,0.0,0.0,1305.828578404018,1331.2804370117187,40.513663447361225,-8.046697027474465,-6.6668973760520105,-1.3797996514224549,0.0030520227958184,0.0109492869452646,-2.905692092194066,1309.0350036621094,15.424176229669229,1339.8833561214478,1278.186651202771,0.0261504666656139,13512537.3,1.0843235933195166,-3.150710490487973,0.0216425196049613,0.0030520227958184,0.0030520227958184,-0.08622760195611623,-0.11691518252629418
